,자치구,법정동,총 병의원 및 약국 수,총 인구수,1인당 병의원 및 약국 비율,1인당 병의원 및 약국 백분율
0,종로구,청운동,,2289,,
1,종로구,신교동,,1340,,
2,종로구,궁정동,,211,,
3,종로구,효자동,,570,,
4,종로구,창성동,2.0,404,0.0049504950495049506,0.49504950495049505
5,종로구,통의동,,319,,
6,종로구,적선동,6.0,38,0.15789473684210525,15.789473684210526
7,종로구,통인동,2.0,718,0.002785515320334262,0.2785515320334262
8,종로구,누상동,,3174,,
9,종로구,누하동,2.0,780,0.002564102564102564,0.2564102564102564
10,종로구,옥인동,4.0,1863,0.0021470746108427268,0.2147074610842727
11,종로구,체부동,,693,,
12,종로구,필운동,,981,,
13,종로구,내자동,8.0,83,0.0963855421686747,9.63855421686747
14,종로구,사직동,2.0,3172,0.0006305170239596469,0.06305170239596469
15,종로구,도렴동,,2,,
16,종로구,당주동,4.0,282,0.014184397163120567,1.4184397163120568
17,종로구,내수동,,2642,,
18,종로구,신문로1가,10.0,74,0.13513513513513514,13.513513513513514
19,종로구,신문로2가,,712,,
20,종로구,청진동,12.0,53,0.22641509433962265,22.641509433962266
21,종로구,서린동,,2,,
22,종로구,수송동,4.0,239,0.016736401673640166,1.6736401673640167
23,종로구,중학동,,4,,
24,종로구,종로1가,14.0,106,0.1320754716981132,13.20754716981132
25,종로구,공평동,,1,,
26,종로구,관훈동,2.0,111,0.018018018018018018,1.8018018018018018
27,종로구,견지동,2.0,231,0.008658008658008658,0.8658008658008658
28,종로구,와룡동,,94,,
29,종로구,권농동,,133,,
30,종로구,운니동,,169,,
31,종로구,익선동,,1009,,
32,종로구,경운동,4.0,255,0.01568627450980392,1.5686274509803921
33,종로구,관철동,6.0,244,0.02459016393442623,2.459016393442623
34,종로구,인사동,,82,,
35,종로구,낙원동,4.0,848,0.0047169811320754715,0.4716981132075472
36,종로구,종로2가,6.0,53,0.11320754716981132,11.320754716981133
37,종로구,팔판동,,272,,
38,종로구,삼청동,,1259,,
39,종로구,안국동,4.0,251,0.01593625498007968,1.593625498007968
40,종로구,소격동,2.0,134,0.014925373134328358,1.4925373134328357
41,종로구,화동,,203,,
42,종로구,사간동,,129,,
43,종로구,가회동,,979,,
44,종로구,재동,2.0,85,0.023529411764705882,2.3529411764705883
45,종로구,계동,2.0,1031,0.0019398642095053346,0.19398642095053348
46,종로구,원서동,,1765,,
47,종로구,묘동,4.0,34,0.11764705882352941,11.76470588235294
48,종로구,봉익동,,58,,
49,종로구,돈의동,2.0,788,0.0025380710659898475,0.25380710659898476
50,종로구,장사동,,71,,
51,종로구,관수동,,383,,
52,종로구,종로3가,12.0,124,0.0967741935483871,9.67741935483871
53,종로구,인의동,,1050,,
54,종로구,예지동,,36,,
55,종로구,원남동,8.0,504,0.015873015873015872,1.5873015873015872
56,종로구,연지동,,875,,
57,종로구,종로4가,24.0,23,1.0434782608695652,104.34782608695652
58,종로구,효제동,,828,,
59,종로구,종로5가,44.0,225,0.19555555555555557,19.555555555555557
60,종로구,종로6가,12.0,460,0.02608695652173913,2.608695652173913
61,종로구,이화동,,1681,,
62,종로구,연건동,18.0,1599,0.01125703564727955,1.125703564727955
63,종로구,충신동,,2996,,
64,종로구,동숭동,4.0,3619,0.0011052777010223818,0.11052777010223819
65,종로구,혜화동,8.0,3182,0.00251414204902577,0.251414204902577
66,종로구,명륜1가,4.0,4207,0.0009507962918944616,0.09507962918944615
67,종로구,명륜2가,8.0,3025,0.002644628099173554,0.2644628099173554
68,종로구,명륜4가,14.0,824,0.01699029126213592,1.6990291262135921
69,종로구,명륜3가,2.0,4609,0.00043393360815795185,0.04339336081579519
70,종로구,창신동,30.0,18376,0.0016325642141924248,0.1632564214192425
71,종로구,숭인동,12.0,15603,0.0007690828686791001,0.07690828686791001
72,종로구,교남동,2.0,560,0.0035714285714285713,0.35714285714285715
73,종로구,평동,20.0,1563,0.012795905310300703,1.2795905310300704
74,종로구,송월동,,905,,
75,종로구,홍파동,4.0,1587,0.002520478890989288,0.2520478890989288
76,종로구,교북동,2.0,904,0.0022123893805309734,0.22123893805309736
77,종로구,행촌동,,4196,,
78,종로구,구기동,4.0,5766,0.000693721817551162,0.0693721817551162
79,종로구,평창동,6.0,11621,0.0005163066861715859,0.05163066861715859
80,종로구,부암동,,4082,,
81,종로구,홍지동,,1564,,
82,종로구,신영동,2.0,3439,0.0005815644082582146,0.05815644082582146
83,종로구,무악동,6.0,7961,0.0007536741615374953,0.07536741615374952
84,중구,무교동,6.0,8,0.75,75.0
85,중구,다동,2.0,64,0.03125,3.125
86,중구,태평로1가,2.0,4,0.5,50.0
87,중구,을지로1가,2.0,1,2.0,200.0
88,중구,을지로2가,8.0,52,0.15384615384615385,15.384615384615385
89,중구,삼각동,,4,,
90,중구,장교동,2.0,2,1.0,100.0
91,중구,수표동,2.0,5,0.4,40.0
92,중구,소공동,4.0,1,4.0,400.0
93,중구,남창동,12.0,414,0.028985507246376812,2.898550724637681
94,중구,북창동,2.0,148,0.013513513513513514,1.3513513513513513
95,중구,태평로2가,6.0,49,0.12244897959183673,12.244897959183673
96,중구,남대문로2가,2.0,1,2.0,200.0
97,중구,남대문로3가,6.0,10,0.6,60.0
98,중구,남대문로4가,2.0,4,0.5,50.0
99,중구,남대문로5가,8.0,694,0.011527377521613832,1.1527377521613833
100,중구,봉래동1가,,45,,
101,중구,회현동1가,4.0,3211,0.0012457178449081284,0.12457178449081284
102,중구,회현동2가,,830,,
103,중구,회현동3가,,34,,
104,중구,충무로1가,6.0,16,0.375,37.5
105,중구,충무로2가,8.0,256,0.03125,3.125
106,중구,명동1가,6.0,11,0.5454545454545454,54.54545454545454
107,중구,명동2가,6.0,523,0.011472275334608031,1.147227533460803
108,중구,남산동1가,2.0,135,0.014814814814814815,1.4814814814814816
109,중구,남산동2가,,495,,
110,중구,남산동3가,,50,,
111,중구,저동1가,,14,,
112,중구,충무로4가,4.0,1566,0.002554278416347382,0.2554278416347382
113,중구,충무로5가,2.0,594,0.003367003367003367,0.33670033670033667
114,중구,인현동2가,2.0,1084,0.0018450184501845018,0.18450184501845018
115,중구,예관동,,21,,
116,중구,묵정동,2.0,890,0.0022471910112359553,0.22471910112359553
117,중구,필동1가,4.0,172,0.023255813953488372,2.3255813953488373
118,중구,필동2가,2.0,849,0.002355712603062426,0.23557126030624262
119,중구,필동3가,2.0,954,0.0020964360587002098,0.20964360587002098
120,중구,남학동,,43,,
121,중구,주자동,,17,,
122,중구,예장동,,778,,
123,중구,장충동1가,2.0,1704,0.0011737089201877935,0.11737089201877934
124,중구,장충동2가,,2851,,
125,중구,광희동1가,2.0,345,0.005797101449275362,0.5797101449275363
126,중구,광희동2가,2.0,838,0.002386634844868735,0.23866348448687352
127,중구,쌍림동,2.0,582,0.003436426116838488,0.3436426116838488
128,중구,을지로6가,12.0,156,0.07692307692307693,7.6923076923076925
129,중구,을지로7가,,49,,
130,중구,을지로4가,6.0,120,0.05,5.0
131,중구,을지로5가,,418,,
132,중구,주교동,,259,,
133,중구,방산동,,42,,
134,중구,오장동,2.0,711,0.0028129395218002813,0.2812939521800281
135,중구,을지로3가,2.0,220,0.00909090909090909,0.9090909090909091
136,중구,입정동,,1420,,
137,중구,산림동,,140,,
138,중구,충무로3가,,254,,
139,중구,초동,2.0,76,0.02631578947368421,2.631578947368421
140,중구,인현동1가,,79,,
141,중구,저동2가,8.0,254,0.031496062992125984,3.149606299212598
142,중구,신당동,72.0,67433,0.0010677264840656651,0.10677264840656651
143,중구,흥인동,6.0,2266,0.00264783759929391,0.264783759929391
144,중구,무학동,4.0,216,0.018518518518518517,1.8518518518518516
145,중구,황학동,12.0,12697,0.0009451051429471528,0.09451051429471528
146,중구,서소문동,10.0,21,0.47619047619047616,47.61904761904761
147,중구,정동,,527,,
148,중구,순화동,,1217,,
149,중구,의주로1가,,220,,
150,중구,중림동,8.0,6353,0.0012592475995592634,0.12592475995592634
151,중구,의주로2가,,8,,
152,중구,만리동1가,,1320,,
153,중구,만리동2가,4.0,4467,0.0008954555630176853,0.08954555630176853
154,용산구,후암동,14.0,15998,0.0008751093886735842,0.08751093886735842
155,용산구,용산동2가,8.0,8910,0.0008978675645342312,0.08978675645342313
156,용산구,용산동4가,,2,,
157,용산구,갈월동,12.0,2748,0.004366812227074236,0.43668122270742354
158,용산구,남영동,6.0,604,0.009933774834437087,0.9933774834437087
159,용산구,동자동,8.0,3477,0.0023008340523439745,0.23008340523439746
160,용산구,서계동,6.0,4812,0.0012468827930174563,0.12468827930174563
161,용산구,청파동1가,4.0,7184,0.0005567928730512249,0.05567928730512249
162,용산구,청파동2가,6.0,3306,0.0018148820326678765,0.18148820326678766
163,용산구,청파동3가,6.0,3541,0.0016944365998305564,0.16944365998305563
164,용산구,원효로1가,4.0,6857,0.0005833454863642993,0.05833454863642993
165,용산구,원효로2가,10.0,1730,0.005780346820809248,0.5780346820809248
166,용산구,신창동,,2279,,
167,용산구,산천동,,4922,,
168,용산구,청암동,,643,,
169,용산구,원효로3가,4.0,2093,0.0019111323459149545,0.19111323459149546
170,용산구,원효로4가,2.0,3699,0.0005406866720735334,0.054068667207353344
171,용산구,효창동,12.0,10685,0.0011230697239120262,0.11230697239120262
172,용산구,도원동,4.0,5306,0.0007538635506973238,0.07538635506973237
173,용산구,용문동,2.0,6101,0.00032781511227667593,0.03278151122766759
174,용산구,문배동,2.0,5681,0.0003520506953001232,0.035205069530012324
175,용산구,신계동,,2739,,
176,용산구,한강로1가,2.0,3206,0.0006238303181534623,0.06238303181534623
177,용산구,한강로2가,20.0,7255,0.0027567195037904893,0.2756719503790489
178,용산구,용산동3가,,269,,
179,용산구,용산동5가,,2379,,
180,용산구,한강로3가,26.0,7907,0.003288225622865815,0.3288225622865815
181,용산구,이촌동,22.0,32801,0.0006707112588030852,0.06707112588030853
182,용산구,이태원동,12.0,14683,0.0008172716747258734,0.08172716747258735
183,용산구,한남동,22.0,17755,0.001239087580963109,0.12390875809631091
184,용산구,동빙고동,,6014,,
185,용산구,서빙고동,,5597,,
186,용산구,주성동,,821,,
187,용산구,보광동,14.0,11147,0.0012559433031308872,0.12559433031308873
188,성동구,상왕십리동,4.0,3660,0.001092896174863388,0.1092896174863388
189,성동구,하왕십리동,34.0,30226,0.0011248593925759281,0.11248593925759282
190,성동구,홍익동,6.0,3772,0.0015906680805938495,0.15906680805938495
191,성동구,도선동,12.0,4706,0.0025499362515937103,0.254993625159371
192,성동구,마장동,18.0,21573,0.0008343763037129745,0.08343763037129745
193,성동구,사근동,2.0,6694,0.00029877502240812666,0.029877502240812665
194,성동구,행당동,54.0,41789,0.0012922060829404867,0.12922060829404866
195,성동구,응봉동,4.0,14941,0.00026771969747674187,0.026771969747674186
196,성동구,금호동1가,12.0,14745,0.0008138351983723296,0.08138351983723296
197,성동구,금호동2가,8.0,9736,0.0008216926869350862,0.08216926869350863
198,성동구,금호동3가,16.0,12217,0.0013096504870262749,0.13096504870262748
199,성동구,금호동4가,14.0,14154,0.0009891196834817012,0.09891196834817012
200,성동구,옥수동,18.0,25402,0.000708605621604598,0.0708605621604598
201,성동구,성수동1가,22.0,27335,0.0008048289738430583,0.08048289738430583
202,성동구,성수동2가,42.0,24652,0.0017037157228622425,0.17037157228622424
203,성동구,송정동,10.0,9838,0.0010164667615368977,0.10164667615368977
204,성동구,용답동,16.0,11921,0.0013421692811005788,0.1342169281100579
205,광진구,중곡동,78.0,79081,0.0009863304712889316,0.09863304712889316
206,광진구,능동,12.0,11097,0.0010813733441470668,0.10813733441470669
207,광진구,구의동,60.0,76577,0.0007835250793319143,0.07835250793319143
208,광진구,광장동,16.0,33971,0.0004709899620264343,0.047098996202643434
209,광진구,자양동,98.0,92565,0.001058715497218171,0.10587154972181709
210,광진구,화양동,30.0,23193,0.0012934937265554262,0.1293493726555426
211,광진구,군자동,14.0,19070,0.0007341373885684321,0.07341373885684321
212,동대문구,신설동,8.0,3666,0.002182214948172395,0.2182214948172395
213,동대문구,용두동,34.0,34744,0.000978586230716095,0.09785862307160949
214,동대문구,제기동,128.0,23014,0.005561831928391414,0.5561831928391414
215,동대문구,전농동,56.0,50115,0.0011174299112042302,0.11174299112042302
216,동대문구,답십리동,54.0,55356,0.0009755040104053761,0.09755040104053761
217,동대문구,장안동,96.0,70078,0.0013699021090784554,0.13699021090784552
218,동대문구,청량리동,44.0,18742,0.0023476683384910896,0.23476683384910896
219,동대문구,회기동,32.0,10394,0.003078699249567058,0.3078699249567058
220,동대문구,휘경동,36.0,37876,0.0009504699545886577,0.09504699545886577
221,동대문구,이문동,38.0,37164,0.0010224948875255625,0.10224948875255625
222,중랑구,면목동,130.0,134764,0.000964649312872874,0.0964649312872874
223,중랑구,상봉동,40.0,43498,0.0009195825095406685,0.09195825095406684
224,중랑구,중화동,36.0,42559,0.0008458845367607322,0.08458845367607322
225,중랑구,묵동,38.0,51761,0.0007341434670891211,0.07341434670891211
226,중랑구,망우동,60.0,52120,0.0011511895625479663,0.11511895625479662
227,중랑구,신내동,52.0,57453,0.0009050876368509913,0.09050876368509912
228,성북구,성북동,,10158,,
229,성북구,성북동1가,2.0,1832,0.001091703056768559,0.10917030567685589
230,성북구,돈암동,14.0,38248,0.00036603221083455345,0.036603221083455345
231,성북구,동소문동1가,6.0,922,0.006507592190889371,0.6507592190889371
232,성북구,동소문동2가,10.0,507,0.01972386587771203,1.9723865877712032
233,성북구,동소문동3가,6.0,152,0.039473684210526314,3.9473684210526314
234,성북구,동소문동4가,6.0,3014,0.0019907100199071004,0.19907100199071004
235,성북구,동소문동5가,2.0,1124,0.0017793594306049821,0.1779359430604982
236,성북구,동소문동6가,10.0,1854,0.005393743257820928,0.5393743257820928
237,성북구,동소문동7가,2.0,2316,0.0008635578583765112,0.08635578583765112
238,성북구,삼선동1가,4.0,4193,0.0009539709038874314,0.09539709038874314
239,성북구,삼선동2가,,5618,,
240,성북구,삼선동3가,,3780,,
241,성북구,삼선동4가,4.0,3109,0.001286587327114828,0.1286587327114828
242,성북구,삼선동5가,2.0,3715,0.0005383580080753701,0.053835800807537006
243,성북구,동선동1가,14.0,1193,0.01173512154233026,1.173512154233026
244,성북구,동선동2가,,2165,,
245,성북구,동선동3가,,2867,,
246,성북구,동선동4가,8.0,2059,0.003885381253035454,0.38853812530354537
247,성북구,동선동5가,,2055,,
248,성북구,안암동1가,,3901,,
249,성북구,안암동2가,2.0,2316,0.0008635578583765112,0.08635578583765112
250,성북구,안암동3가,,3668,,
251,성북구,안암동4가,,997,,
252,성북구,안암동5가,22.0,4033,0.005454996280684354,0.5454996280684354
253,성북구,보문동4가,2.0,940,0.002127659574468085,0.2127659574468085
254,성북구,보문동5가,6.0,1788,0.003355704697986577,0.33557046979865773
255,성북구,보문동6가,,6156,,
256,성북구,보문동7가,2.0,1019,0.001962708537782139,0.19627085377821393
257,성북구,보문동1가,,1698,,
258,성북구,보문동2가,2.0,2014,0.0009930486593843098,0.09930486593843098
259,성북구,보문동3가,,2555,,
260,성북구,정릉동,48.0,77990,0.0006154635209642262,0.06154635209642262
261,성북구,길음동,36.0,54096,0.0006654835847382431,0.06654835847382432
262,성북구,종암동,36.0,37683,0.0009553379508000956,0.09553379508000956
263,성북구,하월곡동,56.0,38970,0.001437002822684116,0.1437002822684116
264,성북구,상월곡동,,9090,,
265,성북구,장위동,40.0,52017,0.0007689793721283426,0.07689793721283426
266,성북구,석관동,30.0,33790,0.0008878366380585972,0.08878366380585972
267,강북구,미아동,142.0,127245,0.0011159574050060906,0.11159574050060907
268,강북구,번동,42.0,48603,0.0008641441886303315,0.08641441886303315
269,강북구,수유동,110.0,101608,0.0010825919218959137,0.10825919218959137
270,강북구,우이동,12.0,10657,0.0011260204560382848,0.11260204560382847
271,도봉구,쌍문동,62.0,73064,0.0008485711157341509,0.08485711157341509
272,도봉구,방학동,54.0,72382,0.0007460418336050399,0.07460418336050399
273,도봉구,창동,80.0,115472,0.0006928086462519052,0.06928086462519052
274,도봉구,도봉동,30.0,46030,0.000651748859439496,0.0651748859439496
275,노원구,월계동,52.0,74760,0.0006955591225254146,0.06955591225254146
276,노원구,공릉동,80.0,77450,0.0010329244673983216,0.10329244673983216
277,노원구,하계동,34.0,47450,0.0007165437302423603,0.07165437302423604
278,노원구,상계동,212.0,197542,0.001073189498941997,0.10731894989419971
279,노원구,중계동,80.0,101011,0.0007919929512627338,0.07919929512627338
280,은평구,수색동,12.0,20441,0.0005870554278166431,0.05870554278166431
281,은평구,녹번동,24.0,36111,0.000664617429592091,0.0664617429592091
282,은평구,불광동,52.0,64177,0.0008102591271016096,0.08102591271016096
283,은평구,갈현동,46.0,41923,0.0010972497197242563,0.10972497197242563
284,은평구,구산동,16.0,31453,0.0005086955139414365,0.05086955139414365
285,은평구,대조동,48.0,27369,0.0017538090540392415,0.17538090540392415
286,은평구,응암동,94.0,83446,0.0011264770030918198,0.11264770030918199
287,은평구,역촌동,34.0,43804,0.0007761848233038079,0.0776184823303808
288,은평구,신사동,30.0,45406,0.0006607056336167027,0.06607056336167026
289,은평구,증산동,18.0,18258,0.000985869208018403,0.0985869208018403
290,은평구,진관동,50.0,54382,0.0009194218675296973,0.09194218675296972
291,서대문구,충정로2가,6.0,1126,0.0053285968028419185,0.5328596802841918
292,서대문구,충정로3가,,4936,,
293,서대문구,합동,,1066,,
294,서대문구,미근동,2.0,435,0.004597701149425287,0.45977011494252873
295,서대문구,냉천동,4.0,3046,0.0013131976362442547,0.13131976362442546
296,서대문구,천연동,,4540,,
297,서대문구,옥천동,,953,,
298,서대문구,영천동,6.0,2963,0.0020249746878164025,0.20249746878164024
299,서대문구,현저동,,5084,,
300,서대문구,북아현동,18.0,27560,0.0006531204644412192,0.06531204644412192
301,서대문구,홍제동,62.0,55575,0.0011156095366621683,0.11156095366621684
302,서대문구,대현동,12.0,6760,0.0017751479289940828,0.17751479289940827
303,서대문구,대신동,10.0,1561,0.0064061499039077515,0.6406149903907752
304,서대문구,신촌동,2.0,838,0.002386634844868735,0.23866348448687352
305,서대문구,봉원동,,374,,
306,서대문구,창천동,34.0,10707,0.0031754926683478096,0.31754926683478096
307,서대문구,연희동,30.0,33990,0.00088261253309797,0.088261253309797
308,서대문구,홍은동,26.0,50700,0.0005128205128205128,0.05128205128205128
309,서대문구,북가좌동,36.0,48242,0.0007462377181708884,0.07462377181708883
310,서대문구,남가좌동,44.0,45775,0.0009612233752048061,0.0961223375204806
311,마포구,아현동,26.0,28150,0.0009236234458259325,0.09236234458259325
312,마포구,공덕동,30.0,25540,0.0011746280344557558,0.11746280344557558
313,마포구,신공덕동,14.0,12401,0.001128941214418192,0.1128941214418192
314,마포구,도화동,38.0,21429,0.0017732978673759858,0.17732978673759858
315,마포구,용강동,6.0,7416,0.0008090614886731392,0.08090614886731393
316,마포구,토정동,,1248,,
317,마포구,마포동,2.0,2662,0.0007513148009015778,0.07513148009015778
318,마포구,대흥동,28.0,16364,0.0017110730872647274,0.17110730872647273
319,마포구,염리동,10.0,18042,0.0005542622769094336,0.05542622769094335
320,마포구,노고산동,20.0,5832,0.003429355281207133,0.3429355281207133
321,마포구,신수동,14.0,15386,0.0009099181073703367,0.09099181073703368
322,마포구,현석동,,4979,,
323,마포구,구수동,2.0,757,0.002642007926023778,0.26420079260237783
324,마포구,창전동,8.0,14683,0.0005448477831505824,0.054484778315058234
325,마포구,상수동,6.0,7409,0.0008098258874342017,0.08098258874342017
326,마포구,하중동,,1463,,
327,마포구,신정동,,1540,,
328,마포구,당인동,,1017,,
329,마포구,서교동,36.0,19321,0.0018632575953625588,0.18632575953625588
330,마포구,동교동,26.0,3487,0.007456266131344996,0.7456266131344996
331,마포구,합정동,18.0,16338,0.0011017260374586854,0.11017260374586854
332,마포구,망원동,36.0,37081,0.0009708476038941777,0.09708476038941777
333,마포구,연남동,2.0,14227,0.00014057777465382724,0.014057777465382724
334,마포구,성산동,22.0,47572,0.00046245690742453545,0.04624569074245354
335,마포구,중동,12.0,9692,0.0012381345439537762,0.12381345439537762
336,마포구,상암동,32.0,29661,0.0010788577593472911,0.10788577593472912
337,양천구,신정동,118.0,172038,0.0006858949766911962,0.06858949766911962
338,양천구,목동,148.0,145532,0.0010169584696149302,0.10169584696149302
339,양천구,신월동,102.0,118458,0.0008610646811528137,0.08610646811528136
340,강서구,염창동,30.0,41285,0.0007266561705219813,0.07266561705219814
341,강서구,등촌동,82.0,73691,0.0011127546104680354,0.11127546104680354
342,강서구,화곡동,176.0,217411,0.0008095266568848862,0.08095266568848862
343,강서구,가양동,34.0,43227,0.0007865454461332038,0.07865454461332037
344,강서구,마곡동,90.0,54028,0.0016658029170059968,0.16658029170059968
345,강서구,내발산동,48.0,44623,0.0010756784617797996,0.10756784617797996
346,강서구,외발산동,,950,,
347,강서구,공항동,16.0,17259,0.000927052552291558,0.0927052552291558
348,강서구,방화동,52.0,68913,0.0007545746085644218,0.07545746085644217
349,강서구,개화동,,1649,,
350,강서구,오곡동,,12,,
351,강서구,오쇠동,,10,,
352,구로구,신도림동,26.0,35998,0.0007222623479082171,0.07222623479082171
353,구로구,구로동,168.0,114017,0.0014734644833665155,0.14734644833665156
354,구로구,가리봉동,10.0,8766,0.0011407711613050423,0.11407711613050422
355,구로구,고척동,42.0,52187,0.0008047981298024413,0.08047981298024413
356,구로구,개봉동,56.0,82438,0.0006792983818142119,0.06792983818142119
357,구로구,오류동,32.0,43725,0.0007318467695826186,0.07318467695826186
358,구로구,궁동,4.0,13963,0.0002864713886700566,0.028647138867005657
359,구로구,온수동,4.0,8757,0.00045677743519470136,0.04567774351947013
360,구로구,천왕동,4.0,16219,0.0002466243294901042,0.024662432949010417
361,구로구,항동,2.0,16335,0.0001224364860728497,0.012243648607284972
362,금천구,가산동,44.0,24695,0.0017817371937639199,0.17817371937639198
363,금천구,독산동,94.0,102277,0.0009190727142954916,0.09190727142954916
364,금천구,시흥동,124.0,100509,0.0012337203633505458,0.12337203633505459
365,영등포구,영등포동,14.0,13734,0.0010193679918450561,0.10193679918450561
366,영등포구,영등포동1가,,4005,,
367,영등포구,영등포동2가,8.0,4224,0.001893939393939394,0.1893939393939394
368,영등포구,영등포동3가,14.0,1899,0.00737230121116377,0.737230121116377
369,영등포구,영등포동4가,26.0,1350,0.01925925925925926,1.925925925925926
370,영등포구,영등포동5가,14.0,1802,0.00776914539400666,0.776914539400666
371,영등포구,영등포동6가,6.0,1876,0.0031982942430703624,0.31982942430703626
372,영등포구,영등포동7가,4.0,9893,0.0004043262913170929,0.04043262913170929
373,영등포구,영등포동8가,6.0,4967,0.0012079726192872962,0.12079726192872962
374,영등포구,여의도동,106.0,33350,0.0031784107946026987,0.31784107946026985
375,영등포구,당산동1가,10.0,6679,0.0014972301242701003,0.14972301242701003
376,영등포구,당산동2가,4.0,5396,0.0007412898443291327,0.07412898443291327
377,영등포구,당산동3가,8.0,8941,0.0008947545017335869,0.08947545017335869
378,영등포구,당산동4가,10.0,12158,0.0008225037012666557,0.08225037012666557
379,영등포구,당산동5가,14.0,12936,0.0010822510822510823,0.10822510822510822
380,영등포구,당산동6가,12.0,3372,0.0035587188612099642,0.3558718861209964
381,영등포구,당산동,,8221,,
382,영등포구,도림동,14.0,17579,0.00079640480118323,0.079640480118323
383,영등포구,문래동1가,,255,,
384,영등포구,문래동2가,2.0,1097,0.0018231540565177757,0.18231540565177756
385,영등포구,문래동3가,20.0,13510,0.0014803849000740192,0.1480384900074019
386,영등포구,문래동4가,2.0,1932,0.0010351966873706005,0.10351966873706005
387,영등포구,문래동5가,,4592,,
388,영등포구,문래동6가,8.0,10728,0.0007457121551081282,0.07457121551081282
389,영등포구,양평동1가,,4951,,
390,영등포구,양평동2가,6.0,7060,0.0008498583569405099,0.08498583569405099
391,영등포구,양평동3가,4.0,12013,0.00033297261300258056,0.033297261300258056
392,영등포구,양평동4가,8.0,6687,0.001196351129056378,0.1196351129056378
393,영등포구,양평동5가,6.0,5892,0.0010183299389002036,0.10183299389002036
394,영등포구,양평동6가,,4076,,
395,영등포구,신길동,102.0,102573,0.0009944137346085226,0.09944137346085226
396,영등포구,대림동,88.0,47046,0.001870509713897037,0.1870509713897037
397,동작구,노량진동,38.0,31412,0.0012097287660766587,0.12097287660766587
398,동작구,상도동,94.0,113674,0.000826926122068371,0.0826926122068371
399,동작구,상도1동,14.0,9631,0.0014536392897933756,0.14536392897933756
400,동작구,본동,4.0,10796,0.0003705075954057058,0.037050759540570584
401,동작구,흑석동,48.0,29961,0.0016020827075197757,0.16020827075197758
402,동작구,동작동,,5553,,
403,동작구,사당동,88.0,96784,0.0009092411968920483,0.09092411968920483
404,동작구,대방동,34.0,35638,0.0009540378247937595,0.09540378247937595
405,동작구,신대방동,46.0,45320,0.0010150044130626656,0.10150044130626656
406,관악구,봉천동,204.0,221775,0.0009198512005410889,0.09198512005410889
407,관악구,신림동,202.0,242494,0.000833010301285805,0.0833010301285805
408,관악구,남현동,12.0,17687,0.0006784644088878838,0.06784644088878838
409,서초구,방배동,90.0,94571,0.0009516659441054869,0.09516659441054869
410,서초구,양재동,48.0,35620,0.001347557551937114,0.13475575519371139
411,서초구,우면동,10.0,27411,0.00036481704425230747,0.03648170442523074
412,서초구,원지동,,253,,
413,서초구,잠원동,48.0,50584,0.0009489166534872687,0.09489166534872687
414,서초구,반포동,78.0,75816,0.00102880658436214,0.102880658436214
415,서초구,서초동,212.0,106213,0.001995989191530227,0.19959891915302272
416,서초구,내곡동,8.0,8258,0.0009687575684185032,0.09687575684185032
417,서초구,염곡동,,998,,
418,서초구,신원동,2.0,7940,0.00025188916876574307,0.025188916876574305
419,강남구,역삼동,192.0,70529,0.0027222844503679336,0.2722284450367934
420,강남구,개포동,68.0,75386,0.0009020242485342106,0.09020242485342106
421,강남구,청담동,52.0,24629,0.002111332169393804,0.21113321693938042
422,강남구,삼성동,74.0,42743,0.0017312776361041574,0.17312776361041574
423,강남구,대치동,112.0,80762,0.0013867908174636586,0.13867908174636587
424,강남구,신사동,144.0,10796,0.01333827343460541,1.333827343460541
425,강남구,논현동,140.0,41447,0.0033778078027360244,0.3377807802736024
426,강남구,압구정동,12.0,30226,0.0003970091973797393,0.03970091973797393
427,강남구,세곡동,12.0,14391,0.0008338544923910778,0.08338544923910778
428,강남구,자곡동,12.0,27333,0.000439029744265174,0.043902974426517395
429,강남구,율현동,,3807,,
430,강남구,일원동,58.0,47748,0.001214710563793248,0.12147105637932479
431,강남구,수서동,26.0,21861,0.0011893326014363477,0.11893326014363477
432,강남구,도곡동,62.0,53215,0.0011650850324156723,0.11650850324156722
433,송파구,잠실동,108.0,105885,0.001019974500637484,0.1019974500637484
434,송파구,신천동,68.0,37715,0.001802996155375845,0.1802996155375845
435,송파구,풍납동,66.0,35496,0.0018593644354293441,0.18593644354293443
436,송파구,송파동,46.0,41914,0.0010974853270983443,0.10974853270983444
437,송파구,석촌동,52.0,30766,0.0016901774686342067,0.16901774686342066
438,송파구,삼전동,30.0,29075,0.0010318142734307824,0.10318142734307824
439,송파구,가락동,94.0,83866,0.001120835618725109,0.11208356187251091
440,송파구,문정동,70.0,61417,0.0011397495807349757,0.11397495807349757
441,송파구,장지동,16.0,43216,0.00037023324694557573,0.037023324694557574
442,송파구,방이동,62.0,59160,0.0010480054090601758,0.10480054090601758
443,송파구,오금동,26.0,37413,0.0006949456071419026,0.06949456071419026
444,송파구,거여동,32.0,52677,0.0006074757484291057,0.06074757484291057
445,송파구,마천동,38.0,35566,0.0010684361468818536,0.10684361468818536
446,강동구,명일동,76.0,42314,0.0017960958547998298,0.17960958547998299
447,강동구,고덕동,24.0,46758,0.0005132811497497754,0.05132811497497754
448,강동구,상일동,22.0,51053,0.00043092472528548766,0.04309247252854877
449,강동구,길동,74.0,44675,0.0016564073866815892,0.16564073866815893
450,강동구,둔촌동,34.0,24349,0.0013963612468684545,0.13963612468684544
451,강동구,암사동,48.0,65775,0.0007297605473204105,0.07297605473204105
452,강동구,성내동,84.0,65333,0.001285720845514518,0.1285720845514518
453,강동구,천호동,118.0,84811,0.0013913289549704637,0.13913289549704635
454,강동구,강일동,30.0,34099,0.0008797911962227632,0.08797911962227632
